channelTitle,videoTitle,viewCount,URL

Dude Perfect,Bucket List: South Africa,6014794,https://www.youtube.com/watch?v=I4AgeDIrHGY

The Emirates FA Cup,Chelsea v Leicester City | Key Moments | Final | Emirates FA Cup 2020-21,2953212,https://www.youtube.com/watch?v=9o5eSnR97KM

HYBE LABELS,BTS (ë°©íƒ„ì†Œë…„ë‹¨) 'Butter' Official Teaser,23661564,https://www.youtube.com/watch?v=OOMxU9f1FBU

Colleen Ballinger,I'M PREGNANT!,2120559,https://www.youtube.com/watch?v=D1kvZsGSJ6c

Dan Rhodes,Crazy STATIC TRICK! ðŸ˜¨ #shorts,74339573,https://www.youtube.com/watch?v=i0Ye1lBEgnM

